,ID,loop,fivePrime,threePrime,type,location,closing_bp,GNRA_found,GNRA_loop,receptor_sequence,receptor,total_found,confirmed,Notes
0,Co_sp-1.S943/1-430                  ','CGCCCGAAAGGGC','AGCGCCUAACCG','CGCAGGGCGA','IC1','L5b_P6','CG',1,'CGAAAG',CAGGG_GCCUAAC,CAGGG_GCCUAAC,1,0,
1,Sba.S516/1-480              ','CACCCGAUGAGAAAGGGUG','GGCCCUCACCUCCUUUGCC','GGCGGAGGAGACAUGGGUUAA','IE2','L9_P5','CG',1,'UGAGAA',GAGGA_CCCUCAC,GAGGA_CCCUCAC,1,0,
3,Pth.c.trnL/1-262                   ','AUGGAAACCUA','UAUUCUAACGA','ACGAGGAUAAA','IC3','L2_P8','GC',1,'GGAAAC',GAGGA_UUCUAAC,GAGGA_UUCUAAC,12,1,
4,'Osa.c.trnL/1-269                   ','AUGGAAACCUG','UGUUCUAACGA','ACGAGGAUAAA','IC3','L2_P8','GC',1,'GGAAAC',GAGGA_UUCUAAC,GAGGA_UUCUAAC,12,1,
5,Sal.c.trnL/1-248                   ','AUGGGAACCUG','UGUUCUAACGA','ACGAGGAUAAA','IC3','L2_P8','GC',1,'GGGAAC',GAGGA_UUCUAAC,GAGGA_UUCUAAC,12,1,
6,San.c.trnL/1-248                   ','AUGGGAACCUG','UGUUCUAACGA','ACGAGGAUAAA','IC3','L2_P8','GC',1,'GGGAAC',GAGGA_UUCUAAC,GAGGA_UUCUAAC,12,1,
7,Smari.c.trnL/1-248                 ','AUGGGAACCUG','UGUUCUAACGA','ACGAGGAUAAA','IC3','L2_P8','GC',1,'GGGAAC',GAGGA_UUCUAAC,GAGGA_UUCUAAC,12,1,
8,'Sto.c.trnL/1-248                   ','AUGGGAACCUG','UGUUCUAACGA','ACGAGGAUAAA','IC3','L2_P8','GC',1,'GGGAAC',GAGGA_UUCUAAC,GAGGA_UUCUAAC,12,1,
9,Sbi.c.trnL/1-266                   ',AUGGAAACCUG','UGUUCUAACGA','ACGAGGAUAAA','IC3','L2_P8','GC',1,'GGAAAC',GAGGA_UUCUAAC,GAGGA_UUCUAAC,12,1,
10,'Zma.c.trnL/1-267                   ','AUGGAAACCUG','UGUUCUAACGA','ACGAGGAUAAA','IC3','L2_P8','GC',1,'GGAAAC',GAGGA_UUCUAAC,GAGGA_UUCUAAC,12,1,
11,'Asat.c.trnL/1-242                  ','AUGGAAACCUG','UGUUCUAACGA','ACGAGGACAAA','IC3','L2_P8','GC',1,'GGAAAC',GAGGA_UUCUAAC,GAGGA_UUCUAAC,12,1,
12,'Pdi.c.trnL/1-247                   ','AUGGAAACCUG','UGUUCUAACGA','ACGAGGACAAA','IC3','L2_P8','GC',1,'GGAAAC',GAGGA_UUCUAAC,GAGGA_UUCUAAC,12,1,
13,'Hvu.c.trnL-2/1-230                 ','AUGGAAACAUG','UGUUCUAACGA','ACGAGGACAAA','IC3','L2_P8','GC',1,'GGAAAC',GAGGA_UUCUAAC,GAGGA_UUCUAAC,12,1,
14,Tae.c.trnL/1-587                   ','AUGGAAACCUG','UGUUCUAACGAAUCGAGUUAAUUACGUUGUGUUGUUAGUGGAAUUCCUUCUAAUUCUAAAUUAGAGAAAGAGGGGUUUUAUACCUUAUACAUUUAAUAAACACGUAUAGAUACUGACAUGCAAACGAUUAAUCACAGAACUCAUAUAUAUUAUUAAUUAUAAUAUACGGUUCUUUAUCUU','UUAAAAAUGAAAUUAGAAAUGAUAUGAUUAUGAAAUAAAAAACUCAUAAAAACUCAUAUCAUAAUUUUUUUUCAUUAUUGUGAAUCCACUCCAAUCGAAUAUUGAAUAAUCAAAUUCUUCAAUUCAAAUUCAAAGUUUUCGAGACAUAUUUAAAAAAGUGGAUUAAUCGGACGAGGACAAA','IC3','L2_P8','GC',1,'GGAAAC',GAGGA_UUCUAAC,GAGGA_UUCUAAC,12,1,
15,Cco.L798/1-382                      ','CGGCUCGAAAGAGCUGUC','UCCCUAACCCAC','GUAUGGAGGC','IC1','L5b_P6','CG',1,'CGAAAG',GAGGC_CCCUAAC,GAGGC_CCCUAAC,1,0,
16,Aau.S943/1-414                      ','CGUUCCGAAAGGGC','AGGCCCUAAGCC','GGGAUGGGAC','IC1','L5b_P6','CG',1,'CGAAAG',GAUGG_CCCUAAG,GAUGG_CCCUAAG,1,0,
17,Po.sp.I4-CP000316-970429..973227-Polaromonas_sp.-CL1-IntronSeq','GUGAAAGU','CCCUAACCC','GUAAGGG','IIB_CL1','Domain 1','CG',1,'UGAAAG',UAAGG_CCCUAAC,UAAGG_CCCUAAC,1,0,
18,Bzo.S943-2/1-387                    ','CCGGUUCGAAAGACG','AGCCCCUAACGG','GCUACGGGGA','IC1','L5b_P6','GC',1,'CGAAAG',UACGG_CCCUAAC,UACGG_CCCUAAC,1,0,
19,Cma.S943/1-387                      ','CGGCCGAAAGGCCC','AGCUCCUAACCA','UGUAGGGAGA','IC1','L5b_P6','CG',1,'CGAAAG',UAGGG_UCCUAAC,UAGGG_UCCUAAC,1,0,
20,Cco.L798/1-382                      ','CGGCUCGAAAGAGCUGUC','UCCCUAACCCAC','GUAUGGAGGC','IC1','L5b_P6','CG',1,'CGAAAG',UAUGG_CCCUAAC,UAUGG_CCCUAAC,8,0,
21,Ppo.L1925/1-473                     ','CCGGCGAAAGCGGG','AGCCCUAACCAA','UGUAUGGGUG','IC1','L5b_P6','CG',1,'CGAAAG',UAUGG_CCCUAAC,UAUGG_CCCUAAC,8,0,
22,Po.sp.I1-CP000316-4899617..4896821-Polaromonas_sp.-CL1-IntronSeq','GUGAAAGU','CCCUAACCC','GUAUGGG','IIB_CL1','Domain 1','CG',1,'UGAAAG',UAUGG_CCCUAAC,UAUGG_CCCUAAC,8,0,
23,Po.sp.I2-CP000316-5188267..5191068-Polaromonas_sp.-CL1-IntronSeq','GUGAAAGU','CCCUAACCC','GUAUGGG','IIB_CL1','Domain 1','CG',1,'UGAAAG',UAUGG_CCCUAAC,UAUGG_CCCUAAC,8,0,
24,'Po.sp.I3-CP000316-4879088..4881888-Polaromonas_sp.-CL1-IntronSeq','GUGAAAGU','CCCUAACCC','GUAUGGG','IIB_CL1','Domain 1','CG',1,'UGAAAG',UAUGG_CCCUAAC,UAUGG_CCCUAAC,8,0,
25,Cu.me.I2-CP000352-269574..272518-Cupriavidus_metallidurans-CL1-IntronSeq','GGGAAACU','CCCUAACC','GUAUGGG','IIB_CL1','Domain 1','CG',1,'GGAAAC',UAUGG_CCCUAAC,UAUGG_CCCUAAC,8,0,
26,'Cu.me.I1-CP000352.1-3134534..3137479-Cupriavidus_metallidurans-CL1-IntronSeq','GGGAAACU','CCCUAACC','GUAUGGG','IIB_CL1','Domain 1','CG',1,'GGAAAC',UAUGG_CCCUAAC,UAUGG_CCCUAAC,8,0,
27,P.p.I4-CP000949.1-400713..403556-Pseudomonas_putida-CL1-IntronSeq','CUGAAAGG','CCCUAACC','GUAUGGG','IIB_CL1','Domain 1','CG',1,'UGAAAG',UAUGG_CCCUAAC,UAUGG_CCCUAAC,8,0,
28,E.c.I12-CP002732.1-72481..74883-Escherichia_coli-CL1-IntronSeq','GGGAAACU','ACCUAACC','GCAGGGU','IIB_CL1','Domain 1','CG',1,'GGAAAC',CAGGG_ACCUAAC,CAGGG_ACCUAAC,1,0,
29,Rpa.S1506-1/1-437                   ','GGCGAAAGUCGCG','AGCCCCUAACGG','CCCAUGGGGA','IC1','L5b_P6','GC',1,'CGAAAG',CAUGG_CCCUAAC,CAUGG_CCCUAAC,3,0,
30,'Rpa.S1506-2/1-437                   ','GGCGAAAGUCGCG','AGCCCCUAACGG','CCCAUGGGGA','IC1','L5b_P6','GC',1,'CGAAAG',CAUGG_CCCUAAC,CAUGG_CCCUAAC,3,0,
31,'Rpa.S1506-3/1-439                   ','GGCGAAAGUCGCG','AGCCCCUAACGG','CCCAUGGGGA','IC1','L5b_P6','GC',1,'CGAAAG',CAUGG_CCCUAAC,CAUGG_CCCUAAC,3,0,
32,Pab.c.trnL/1-236                   ','AUGGAAACCUA','UAUUCUAACGA','ACGAGAAUAAA','IC3','L2_P8','GC',1,'GGAAAC',GAGAA_UUCUAAC,GAGAA_UUCUAAC,39,1,
33,'Cja.c.trnL/1-231                   ','AUGGAAACCUG','UGUUCUAACGA','ACGAGAAUAAA','IC3','L2_P8','GC',1,'GGAAAC',GAGAA_UUCUAAC,GAGAA_UUCUAAC,39,1,
34,'Del.c.trnL/1-235                   ','AUGGAAACCUG','UGUUCUAACGA','ACGAGAAUAAA','IC3','L2_P8','GC',1,'GGAAAC',GAGAA_UUCUAAC,GAGAA_UUCUAAC,39,1,
36,'Dbo-1.c.trnL/1-235                 ','AUGGAAACCUG','UGUUCUAACGA','ACGAGAAUAAA','IC3','L2_P8','GC',1,'GGAAAC',GAGAA_UUCUAAC,GAGAA_UUCUAAC,39,1,
37,'Dbo-2.c.trnL/1-235                 ','AUGGAAACCUG','UGUUCUAACGA','ACGAGAAUAAA','IC3','L2_P8','GC',1,'GGAAAC',GAGAA_UUCUAAC,GAGAA_UUCUAAC,39,1,
38,'Lco.c.trnL/1-235                   ','AUGGAAACCUA','UGUUCUAACGA','ACGAGAAUAAA','IC3','L2_P8','GC',1,'GGAAAC',GAGAA_UUCUAAC,GAGAA_UUCUAAC,39,1,
39,Lre.c.trnL-1/1-228                 ','AUGGAAACCUG','UGUUCUAACGA','ACGAGAAUAAA','IC3','L2_P8','GC',1,'GGAAAC',GAGAA_UUCUAAC,GAGAA_UUCUAAC,39,1,
40,'Lre.c.trnL-2/1-235                 ','AUGGAAACCUG','UGUUCUAACGA','ACGAGAAUAAA','IC3','L2_P8','GC',1,'GGAAAC',GAGAA_UUCUAAC,GAGAA_UUCUAAC,39,1,
41,'Lre.c.trnL-3/1-235                 ','AUGGAAACCUG','CUGUUCUAACGA','ACGAGAAUAAA','IC3','L2_P8','GC',1,'GGAAAC',GAGAA_UUCUAAC,GAGAA_UUCUAAC,39,1,
42,'Lso.c.trnL/1-235                   ','AUGGAAACCUG','UGUUCUAACGA','ACGAGAAUAAA','IC3','L2_P8','GC',1,'GGAAAC',GAGAA_UUCUAAC,GAGAA_UUCUAAC,39,1,
43,'Lur.c.trnL/1-235                   ','AUGGAAACCUG','UGUUCUAACGA','ACGAGAAUAAA','IC3','L2_P8','GC',1,'GGAAAC',GAGAA_UUCUAAC,GAGAA_UUCUAAC,39,1,
44,'Ote.c.trnL/1-231                   ','AUGGAAACCUG','UGUUCUAACGA','ACGAGAAUAAA','IC3','L2_P8','GC',1,'GGAAAC',GAGAA_UUCUAAC,GAGAA_UUCUAAC,39,1,
45,'Sau.c.trnL/1-235                   ','AUGGAAACCUA','UGUUCUAACGA','ACGAGAAUAAA','IC3','L2_P8','GC',1,'GGAAAC',GAGAA_UUCUAAC,GAGAA_UUCUAAC,39,1,
46,'Sla.c.trnL/1-231                   ','AUGGAAACCUG','UGUUCUAACGA','ACGAGAAUAAA','IC3','L2_P8','GC',1,'GGAAAC',GAGAA_UUCUAAC,GAGAA_UUCUAAC,39,1,
47,'Sne.c.trnL/1-248                   ','AUGGAAACCUG','UGUUCUAACGA','ACGAGAAUAAA','IC3','L2_P8','GC',1,'GGAAAC',GAGAA_UUCUAAC,GAGAA_UUCUAAC,39,1,
48,'Speru.c.trnL/1-239                 ','AUGGAAACCUA','UGUUCUAACGA','ACGAGAAUAAA','IC3','L2_P8','GC',1,'GGAAAC',GAGAA_UUCUAAC,GAGAA_UUCUAAC,39,1,
49,'Sri.c.trnL/1-231                   ','AUGGAAACCUG','UGUUCUAACGA','ACGAGAAUAAA','IC3','L2_P8','GC',1,'GGAAAC',GAGAA_UUCUAAC,GAGAA_UUCUAAC,39,1,
50,'Aba.c.trnL/1-263                   ','AUGGAAACAUA','UGUUCUAACGAAUAG','UUGGACGAGAAUAAA','IC3','L2_P8','GC',1,'GGAAAC',GAGAA_UUCUAAC,GAGAA_UUCUAAC,39,1,
51,'Aci.c.trnL/1-263                   ','AUGGAAACAUA','UGUUCUAACGAAUAG','UUGGACGAGAAUAAA','IC3','L2_P8','GC',1,'GGAAAC',GAGAA_UUCUAAC,GAGAA_UUCUAAC,39,1,
52,'Ade.c.trnL/1-263                   ','AUGGAAACAUA','UGUUCUAACGAAUAG','UUGGACGAGAAUAAA','IC3','L2_P8','GC',1,'GGAAAC',GAGAA_UUCUAAC,GAGAA_UUCUAAC,39,1,
53,'Afe.c.trnL/1-263                   ','AUGGAAACAUA','UGUUCUAACGAAUAG','UUGGACGAGAAUAAA','IC3','L2_P8','GC',1,'GGAAAC',GAGAA_UUCUAAC,GAGAA_UUCUAAC,39,1,
54,'Agi.c.trnL/1-263                   ','AUGGAAACAUA','UGUUCUAACGAAUAG','UUGGACGAGAAUAAA','IC3','L2_P8','GC',1,'GGAAAC',GAGAA_UUCUAAC,GAGAA_UUCUAAC,39,1,
55,'Aho.c.trnL/1-269                   ','AUGGAAACAUA','UGUUCUAACGAAUAG','UUGGACGAGAAUAAA','IC3','L2_P8','GC',1,'GGAAAC',GAGAA_UUCUAAC,GAGAA_UUCUAAC,39,1,
56,'Aii.c.trnL/1-263                   ','AUGGAAACAUA','UGUUCUAACGAAUAG','UUGGACGAGAAUAAA','IC3','L2_P8','GC',1,'GGAAAC',GAGAA_UUCUAAC,GAGAA_UUCUAAC,39,1,
57,Akit.c.trnL/1-263                  ','AUGGAAACAUA','UGUUCUAACGAAUAG','UUGGACGAGAAUAAA','IC3','L2_P8','GC',1,'GGAAAC',GAGAA_UUCUAAC,GAGAA_UUCUAAC,39,1,
58,'Akiy.c.trnL/1-263                  ','AUGGAAACAUA','UGUUCUAACGAAUAG','UUGGACGAGAAUAAA','IC3','L2_P8','GC',1,'GGAAAC',GAGAA_UUCUAAC,GAGAA_UUCUAAC,39,1,
59,'Akr.c.trnL/1-263                   ','AUGGAAACAUA','UGUUCUAACGAAUAG','UUGGACGAGAAUAAA','IC3','L2_P8','GC',1,'GGAAAC',GAGAA_UUCUAAC,GAGAA_UUCUAAC,39,1,
60,'Alo.c.trnL/1-263                   ','AUGGAAACAUA','UGUUCUAACGAAUAG','UUGGACGAGAAUAAA','IC3','L2_P8','GC',1,'GGAAAC',GAGAA_UUCUAAC,GAGAA_UUCUAAC,39,1,
61,'Ana.c.trnL/1-263                   ','AUGGAAACAUA','UGUUCUAACGAAUAG','UUGGACGAGAAUAAA','IC3','L2_P8','GC',1,'GGAAAC',GAGAA_UUCUAAC,GAGAA_UUCUAAC,39,1,
62,'Ani.c.trnL/1-263                   ','AUGGAAACAUA','UGUUCUAACGAAUAG','UUGGACGAGAAUAAA','IC3','L2_P8','GC',1,'GGAAAC',GAGAA_UUCUAAC,GAGAA_UUCUAAC,39,1,
63,'Aok.c.trnL/1-263                   ','AUGGAAACAUA','UGUUCUAACGAAUAG','UUGGACGAGAAUAAA','IC3','L2_P8','GC',1,'GGAAAC',GAGAA_UUCUAAC,GAGAA_UUCUAAC,39,1,
64,'Apa.c.trnL/1-257                   ','AUGGAAACAUA','UGUUCUAACGAAUAG','UUGGACGAGAAUAAA','IC3','L2_P8','GC',1,'GGAAAC',GAGAA_UUCUAAC,GAGAA_UUCUAAC,39,1,
65,'Ape.c.trnL/1-254                   ','AUGGAAACAUA','UGUUCUAACGAAUAG','UUGGACGAGAAUAAA','IC3','L2_P8','GC',1,'GGAAAC',GAGAA_UUCUAAC,GAGAA_UUCUAAC,39,1,
66,'Asac.c.trnL/1-263                  ','AUGGAAACAUA','UGUUCUAACGAAUAG','UUGGACGAGAAUAAA','IC3','L2_P8','GC',1,'GGAAAC',GAGAA_UUCUAAC,GAGAA_UUCUAAC,39,1,
67,'Ase.c.trnL/1-263                   ','AUGGAAACAUA','UGUUCUAACGAAUAG','UUGGACGAGAAUAAA','IC3','L2_P8','GC',1,'GGAAAC',GAGAA_UUCUAAC,GAGAA_UUCUAAC,39,1,
68,'Asi.c.trnL/1-263                   ','AUGGAAACAUA','UGUUCUAACGAAUAG','UUGGACGAGAAUAAA','IC3','L2_P8','GC',1,'GGAAAC',GAGAA_UUCUAAC,GAGAA_UUCUAAC,39,1,
69,'Ata.c.trnL/1-263                   ','AUGGAAACAUA','UGUUCUAACGAAUAG','UUGGACGAGAAUAAA','IC3','L2_P8','GC',1,'GGAAAC',GAGAA_UUCUAAC,GAGAA_UUCUAAC,39,1,
70,'Avil.c.trnL/1-257                  ','AUGGAAACAUA','UGUUCUAACGAAUAG','UUGGACGAGAAUAAA','IC3','L2_P8','GC',1,'GGAAAC',GAGAA_UUCUAAC,GAGAA_UUCUAAC,39,1,
71,'Aro.c.trnL/1-262                   ','AUGGAAACAUA','UGUUCUAACGAAUAG','UUGGACGAGAAUAAA','IC3','L2_P8','GC',1,'GGAAAC',GAGAA_UUCUAAC,GAGAA_UUCUAAC,39,1,
72,Owi.b.trnM/1-202                   ','CAGGAAACUGC','CACCCUAACAGUA','GCUGAAGGUGAA','IC3','L2_P8','UA',1,'GGAAAC',GAAGG_CCCUAAC,GAAGG_CCCUAAC,1,1,
73,Nsp-Ev6a.b.trnL/1-301              ','GGAGAAAUCCC','UACCCUGACGUA','GUCGAGGGUAAA','IC3','L2_P8','GC',1,'AGAAAU',GAGGG_CCCUGAC,GAGGG_CCCUGAC,1,1,
74,Bzo.S943-2/1-387                    ','CCGGUUCGAAAGACG','AGCCCCUAACGG','GCUACGGGGA','IC1','L5b_P6','GC',1,'CGAAAG',GGGGA_CCCUAAC,GGGGA_CCCUAAC,1,0,
75,Fan.c.trnL/1-276                   ','AUGGAAACCUA','UGUUCUAACAAAUGG','UCGGAUAAGAAUAAA','IC3','L2_P8','UA',1,'GGAAAC',AAGAA_UUCUAAC,AAGAA_UUCUAAC,1,0,
76,Cbr.cL2596/1-296                 ','AAGCAAUU','GGAGCCCAAACA','UGUUGGGGGAAU','IA3','L9_P5','UA',1,'AGCAAU',GGGGG_CCCAAAC,GGGGG_CCCAAAC,1,0,
77,env-20','GGGAAACC','GGACCCUACCCUGAGUUG','UAAGCUCAGAAGGGU','c-di-GMP','L2_P3','CG',1,'GGAAAC',AAGGG_CCCUACC,AAGGG_CCCUACC,2,1,
78,env-21','GGGAAACC','GGACCCUACCCUGAGUUG','UGAGCUCAGAAGGGU','c-di-GMP','L2_P3','CG',1,'GGAAAC',AAGGG_CCCUACC,AAGGG_CCCUACC,2,1,
79,Gcy.S1506/1-426                     ','CCGGGGAAAUCCG','AGUCCCUAACGC','GCCACGGGAA','IC1','L5b_P6','GC',1,'GGAAAU',CACGG_CCCUAAC,CACGG_CCCUAAC,1,0,
80,Mju.S516','AGGGAAACCU','CCUUAACGGCC','GGCCGAAGG','IE','L9_P5','GC',1,'GGAAAC',GAAGG_CCUUAAC,GAAGG_CCUUAAC,1,1,
82,Cho_sp-1.S1046/1-453                ','GUGCCGAGAGAGCAA','AGCUCCCGACCG','CGAGGGAGA','IC1','L5b_P6','GC',1,'CGAGAG',GAGGG_CCCGACC,GAGGG_CCCGACC,5,0,interesting possible receptor for GAGA
83,Cho_sp-2.S1046/1-452                ','GUGCCGAGAGAGCAA','AGCUCCCGACCG','CGAGGGAGA','IC1','L5b_P6','GC',1,'CGAGAG',GAGGG_CCCGACC,GAGGG_CCCGACC,5,0,interesting possible receptor for GAGA
84,'Cho_sp-3.S1046/1-453                ','GUGCCGAGAGGCA','AGCUCCCGACCG','CGAGGGAGA','IC1','L5b_P6','GC',1,'CGAGAG',GAGGG_CCCGACC,GAGGG_CCCGACC,5,0,interesting possible receptor for GAGA
85,Cmi.S1046-1/1-424                   ','CUGCCGAAAGGCGA','AGCUCCCGACCG','CCGAGGGAGA','IC1','L5b_P6','GC',1,'CGAAAG',GAGGG_CCCGACC,GAGGG_CCCGACC,5,1,
86,Cmi.S1046-2/1-427                   ','CUGCCGAAAGGCGA','AGCUCCCGACCG','CCGAGGGAGA','IC1','L5b_P6','GC',1,'CGAAAG',GAGGG_CCCGACC,GAGGG_CCCGACC,5,1,
87,Bth.S1389-2/1-355                   ','AGACAGAAAUGUA','AGCCCUAAGGUG','CACUAGGG','IC1','L5b_P6','GC',1,'AGAAAU',UAGGG_CCCUAAG,UAGGG_CCCUAAG,2,1,
88,Bth.S1389-3/1-361                   ','AGACAGAAAUGUA','AGCCCUAAGGUG','CACUAGGGU','IC1','L5b_P6','GC',1,'AGAAAU',UAGGG_CCCUAAG,UAGGG_CCCUAAG,2,1,
90,Sma.S1506/1-388                     ','UUCUGGCGAAAGCGUUAGAG','AGUCCGUAACUG','CAGACGGACG','IC1','L5b_P6','AU',1,'CGAAAG',GACGG_CCGUAAC,GACGG_CCGUAAC,1,1,
91,Psp.S943/1-320                      ','GCUGAAAGG','UUCCCUACCGCU','GCUACGGGGG','IC1','L5b_P6','GC',1,'UGAAAG',GGGGG_CCCUACC,GGGGG_CCCUACC,1,0,
92,Rpa.S1506-1/1-437                   ','GGCGAAAGUCGCG','AGCCCCUAACGG','CCCAUGGGGA','IC1','L5b_P6','GC',1,'CGAAAG',AUGGG_CCCUAAC,AUGGG_CCCUAAC,3,0,
93,Rpa.S1506-2/1-437                   ','GGCGAAAGUCGCG','AGCCCCUAACGG','CCCAUGGGGA','IC1','L5b_P6','GC',1,'CGAAAG',AUGGG_CCCUAAC,AUGGG_CCCUAAC,3,0,
94,'Rpa.S1506-3/1-439                   ','GGCGAAAGUCGCG','AGCCCCUAACGG','CCCAUGGGGA','IC1','L5b_P6','GC',1,'CGAAAG',AUGGG_CCCUAAC,AUGGG_CCCUAAC,3,0,
95,R.pi.I1-CP001068.1-3298333..3301217-Ralstonia_pickettii-CL1-IntronSeq','GGGAAACU','CCCUAACC','GUAGGGG','IIB_CL1','Domain 1','CG',1,'GGAAAC',UAGGG_CCCUAAC,UAGGG_CCCUAAC,1,0,
96,Slo-1-1','AAGUAAUU','AGGCCCUAAUUGCA','GCAAAAGGGU','c-di-GMP','L2_P3','AU',1,'AGUAAU',AAGGG_CCCUAAU,AAGGG_CCCUAAU,1,0,
97,Gcy.S1506/1-426                     ','CCGGGGAAAUCCG','AGUCCCUAACGC','GCCACGGGAA','IC1','L5b_P6','GC',1,'GGAAAU',ACGGG_CCCUAAC,ACGGG_CCCUAAC,1,0,
98,Cac.cS508/1-312                  ','GGAAAC','GAAACCCUAACGAAGAUGCGGC','UUGUCAGGCGAGGGCAAU','IA3','L9_P5','GC',1,'GGAAAC',GAGGG_CCCUAAC,GAGGG_CCCUAAC,64,1,
99,Gpau.S1046/1-441                    ','UGCGGGAAACCGAC','AGCGCCCUAACA','CUGAGGGUGA','IC1','L5b_P6','UA',1,'GGAAAC',GAGGG_CCCUAAC,GAGGG_CCCUAAC,64,1,
100,Kap.S1046/1-421                     ','GGCUGGAAACAGAC','AGCUCCCUAACA','CUGAGGGAGA','IC1','L5b_P6','UA',1,'GGAAAC',GAGGG_CCCUAAC,GAGGG_CCCUAAC,64,1,
101,Nda.S1046/1-432                     ','GUGUGGAAACACGA','AGCUCCCUAACA','CUGAGGGAGA','IC1','L5b_P6','UA',1,'GGAAAC',GAGGG_CCCUAAC,GAGGG_CCCUAAC,64,1,
102,Sel.b.trnL-1/1-240                 ','CGCGAAAGGGA','UACCCUAACGGAUU','GCCGAGGGUAAA','IC3','L2_P8','GC',1,'CGAAAG',GAGGG_CCCUAAC,GAGGG_CCCUAAC,64,1,
103,'Sel.b.trnL-2/1-260                 ','CGCGAAAGGGA','UACCCUAACGGAUU','GCCGAGGGUAAA','IC3','L2_P8','GC',1,'CGAAAG',GAGGG_CCCUAAC,GAGGG_CCCUAAC,64,1,
104,'Sle.b.trnL/1-240                   ','CGCGAAAGGGA','UACCCUAACGGAUU','GCCGAGGGUAAA','IC3','L2_P8','GC',1,'CGAAAG',GAGGG_CCCUAAC,GAGGG_CCCUAAC,64,1,
105,Aaz.b.trnL/1-311                   ','AGAGAAAUCUU','UACCCUAACGUA','GCCGAGGGUAAA','IC3','L2_P8','GC',1,'AGAAAU',GAGGG_CCCUAAC,GAGGG_CCCUAAC,64,1,
106,'Acy.b.trnL/1-284                   ','AGAGAAAUCUU','UACCCUAACGUA','GGCGAGGGUAAA','IC3','L2_P8','GC',1,'AGAAAU',GAGGG_CCCUAAC,GAGGG_CCCUAAC,64,1,
107,'Asp-1.b.trnL/1-248                 ','GAAGAAAUUCU','UACCCUAACGU','AGACGAGGGUAAA','IC3','L2_P8','GC',1,'AGAAAU',GAGGG_CCCUAAC,GAGGG_CCCUAAC,64,1,
108,'Asp-2.b.trnL/1-264                 ','GAAGAAAUUCU','UACCCUAACGUC','GACGAGGGUAAA','IC3','L2_P8','GC',1,'AGAAAU',GAGGG_CCCUAAC,GAGGG_CCCUAAC,64,1,
109,Afl.b.trnL-2/1-238                 ','UGAGAAAUCUU','UACCCUAACGUG','GACGAGGGUAAA','IC3','L2_P8','GC',1,'AGAAAU',GAGGG_CCCUAAC,GAGGG_CCCUAAC,64,1,
110,'Agr.b.trnL/1-239                   ','AGAGAUAUCUU','UACCCUAACGUA','GCCGAGGGUAAA','IC3','L2_P8','GC',1,'AGAGAU',GAGGG_CCCUAAC,GAGGG_CCCUAAC,64,1,
111,'Cst.b.trnL/1-291                   ','AGAGAAAUCUU','UACCCUAACGUA','GUCGAGGGUAAA','IC3','L2_P8','GC',1,'AGAAAU',GAGGG_CCCUAAC,GAGGG_CCCUAAC,64,1,
112,'Nco.b.trnL/1-301                   ','GGAGAAAUCCC','UACCCUAACGUU','GCCGAGGGUAAA','IC3','L2_P8','GC',1,'AGAAAU',GAGGG_CCCUAAC,GAGGG_CCCUAAC,64,1,
113,'Nfl.b.trnL/1-273                   ','GGAGAAAUCCC','UACCCUAACGUU','GUCGAGGGUAAA','IC3','L2_P8','GC',1,'AGAAAU',GAGGG_CCCUAAC,GAGGG_CCCUAAC,64,1,
114,'Nmu.b.trnL/1-301                   ','GGAGAAAUCCC','UACCCUAACGUA','GUCGAGGGUAAA','IC3','L2_P8','GC',1,'AGAAAU',GAGGG_CCCUAAC,GAGGG_CCCUAAC,64,1,
115,'Npu.b.trnL-1/1-291                 ','GGAGAAAUCCC','UACCCUAACGUA','GUCGAGGGUAAA','IC3','L2_P8','GC',1,'AGAAAU',GAGGG_CCCUAAC,GAGGG_CCCUAAC,64,1,
116,'Npu.b.trnL-2/1-291                 ','GGAGAAAUCCC','UACCCUAACGUA','GUCGAGGGUAAA','IC3','L2_P8','GC',1,'AGAAAU',GAGGG_CCCUAAC,GAGGG_CCCUAAC,64,1,
117,'Nsp-1.b.trnL/1-277                 ','GGAGAAAUCCC','UACCCUAACGUG','GUCGAGGGUAAA','IC3','L2_P8','GC',1,'AGAAAU',GAGGG_CCCUAAC,GAGGG_CCCUAAC,64,1,
118,'Nsp-2.b.trnL/1-322                 ','GGAGAAAUCCC','UACCCUAACGUU','GUCGAGGGUAAA','IC3','L2_P8','GC',1,'AGAAAU',GAGGG_CCCUAAC,GAGGG_CCCUAAC,64,1,
119,'Nsp-3.b.trnL-1/1-270               ','GGAGAAAUCCC','UACCCUAACGUU','GCCGAGGGUAAA','IC3','L2_P8','GC',1,'AGAAAU',GAGGG_CCCUAAC,GAGGG_CCCUAAC,64,1,
120,'Nsp-3.b.trnL-2/1-298               ','GGAGAAAUCCC','UACCCUAACGUU','GUCGAGGGUAAA','IC3','L2_P8','GC',1,'AGAAAU',GAGGG_CCCUAAC,GAGGG_CCCUAAC,64,1,
121,'Nsp-3.b.trnL-3/1-298               ','GGAGAAAUCCC','UACCCUAACGUU','GUCGAGGGUAAA','IC3','L2_P8','GC',1,'AGAAAU',GAGGG_CCCUAAC,GAGGG_CCCUAAC,64,1,
122,'Nsp-4.b.trnL/1-301                 ','GGAGAAAUCCC','UACCCUAACGUU','GUCGAGGGUAAA','IC3','L2_P8','GC',1,'AGAAAU',GAGGG_CCCUAAC,GAGGG_CCCUAAC,64,1,
123,'Nsp-5.b.trnL-1/1-270               ','GGAGAAAUCCC','UACCCUAACGUU','GCCGAGGGUAAA','IC3','L2_P8','GC',1,'AGAAAU',GAGGG_CCCUAAC,GAGGG_CCCUAAC,64,1,
124,'Nsp-5.b.trnL-2/1-287               ','GGAGAAAUCCC','UACCCUAACGUU','GUCGAGGGUAAA','IC3','L2_P8','GC',1,'AGAAAU',GAGGG_CCCUAAC,GAGGG_CCCUAAC,64,1,
125,'Nsp-A.b.trnL/1-298                 ','GGAGAAAUCCC','UACCCUAACGUU','GUCGAGGGUAAA','IC3','L2_P8','GC',1,'AGAAAU',GAGGG_CCCUAAC,GAGGG_CCCUAAC,64,1,
126,'Nsp-B.b.trnL/1-270                 ','GGAGAAAUCCC','UACCCUAACGUU','GCCGAGGGUAAA','IC3','L2_P8','GC',1,'AGAAAU',GAGGG_CCCUAAC,GAGGG_CCCUAAC,64,1,
127,'Nsp-C.b.trnL/1-272                 ','GGAGAAAUCCC','UACCCUAACGUU','GUCGAGGGUAAA','IC3','L2_P8','GC',1,'AGAAAU',GAGGG_CCCUAAC,GAGGG_CCCUAAC,64,1,
128,'Nsp-Cr2.b.trnL/1-302               ','GGAGAAAUCCC','UACCCUAACGUA','GUCGAGGGUAAA','IC3','L2_P8','GC',1,'AGAAAU',GAGGG_CCCUAAC,GAGGG_CCCUAAC,64,1,
129,'Nsp-Cr3.b.trnL/1-329               ','GGAGAAAUCCC','UACCCUAACGUG','GUCGAGGGUAAA','IC3','L2_P8','GC',1,'AGAAAU',GAGGG_CCCUAAC,GAGGG_CCCUAAC,64,1,
130,'Nsp-D.b.trnL/1-270                 ','GGAGAAAUCCC','UACCCUAACGUU','GCCGAGGGUAAA','IC3','L2_P8','GC',1,'AGAAAU',GAGGG_CCCUAAC,GAGGG_CCCUAAC,64,1,
131,'Nsp-E.b.trnL/1-277                 ','GGAGAAAUCCC','UACCCUAACGUG','GUCGAGGGUAAA','IC3','L2_P8','GC',1,'AGAAAU',GAGGG_CCCUAAC,GAGGG_CCCUAAC,64,1,
132,'Nsp-El4.b.trnL/1-287               ','GGAGAAAUCCC','UACCCUAACGUU','GUCGAGGGUAAA','IC3','L2_P8','GC',1,'AGAAAU',GAGGG_CCCUAAC,GAGGG_CCCUAAC,64,1,
133,'Nsp-Ev5.b.trnL/1-301               ','GGAGAAAUCCC','UACCCUAACGUU','GUCGAGGGUAAA','IC3','L2_P8','GC',1,'AGAAAU',GAGGG_CCCUAAC,GAGGG_CCCUAAC,64,1,
134,'Nsp-Ev6b.b.trnL/1-287              ','GGAGAAAUCCC','UACCCUAACGUU','GUCGAGGGUAAA','IC3','L2_P8','GC',1,'AGAAAU',GAGGG_CCCUAAC,GAGGG_CCCUAAC,64,1,
135,'Nsp-F.b.trnL/1-277                 ','GGAGAAAUCCC','UACCCUAACGUG','GUCGAGGGUAAA','IC3','L2_P8','GC',1,'AGAAAU',GAGGG_CCCUAAC,GAGGG_CCCUAAC,64,1,
136,'Nsp-G.b.trnL/1-298                 ','GGAGAAAUCCC','UACCCUAACGUU','GUCGAGGGUAAA','IC3','L2_P8','GC',1,'AGAAAU',GAGGG_CCCUAAC,GAGGG_CCCUAAC,64,1,
137,'Nsp-H.b.trnL/1-270                 ','GGAGAAAUCCC','UACCCUAACGUU','GCCGAGGGUAAA','IC3','L2_P8','GC',1,'AGAAAU',GAGGG_CCCUAAC,GAGGG_CCCUAAC,64,1,
138,'Nsp-I.b.trnL/1-298                 ','GGAGAAAUCCC','UACCCUAACGUU','GUCGAGGGUAAA','IC3','L2_P8','GC',1,'AGAAAU',GAGGG_CCCUAAC,GAGGG_CCCUAAC,64,1,
139,'Nsp-J.b.trnL/1-301                 ','GGAGAAAUCCC','UACCCUAACGUU','GUCGAGGGUAAA','IC3','L2_P8','GC',1,'AGAAAU',GAGGG_CCCUAAC,GAGGG_CCCUAAC,64,1,
140,'Nsp-K.b.trnL/1-301                 ','GGAGAAAUCCC','UACCCUAACGUU','GUCGAGGGUAAA','IC3','L2_P8','GC',1,'AGAAAU',GAGGG_CCCUAAC,GAGGG_CCCUAAC,64,1,
141,'Nsp-Zp7.b.trnL/1-301               ','GGAGAAAUCCC','UACCCUAACGUA','GUCGAGGGUAAA','IC3','L2_P8','GC',1,'AGAAAU',GAGGG_CCCUAAC,GAGGG_CCCUAAC,64,1,
142,'Nsp-6.b.trnL-2/1-279               ','GGAGAUMUCCC','UACCCUAACGUU','GUCGAGGGUAAA','IC3','L2_P8','GC',1,'GGAGAU',GAGGG_CCCUAAC,GAGGG_CCCUAAC,64,1,
143,'Nsp-6.b.trnL-3/1-287               ','GGAGAAAUGCC','UACCCUAACGUU','GUCGAGGGUAAA','IC3','L2_P8','GC',1,'AGAAAU',GAGGG_CCCUAAC,GAGGG_CCCUAAC,64,1,
144,'Nsp-6.b.trnL-4/1-297               ','AGAGAUAUCUU','UACCCUAACGUU','GUCGAGGGUAAA','IC3','L2_P8','GC',1,'AGAGAU',GAGGG_CCCUAAC,GAGGG_CCCUAAC,64,1,
145,'Cde.b.trnL/1-300                   ','GUGAGAAAUCCU','UACCCUAACGUU','GGCGAGGGUAAA','IC3','L2_P8','GC',1,'AGAAAU',GAGGG_CCCUAAC,GAGGG_CCCUAAC,64,1,
146,Ssp.b.trnL/1-308                   ','AGAGAAAUCUU','UACCCUAACGUA','GUCGAGGGUAAA','IC3','L2_P8','GC',1,'AGAAAU',GAGGG_CCCUAAC,GAGGG_CCCUAAC,64,1,
148,Osp.b.trnL/1-216                   ','GGAGAAAUCCA','UACCCUAACGUA','GCCGAGGGUAAA','IC3','L2_P8','GC',1,'AGAAAU',GAGGG_CCCUAAC,GAGGG_CCCUAAC,64,1,
149,'Pec.b.trnL/1-270                   ','GGAGAAAUCUG','UACCCUAACGUC','GUCGAGGGUAAA','IC3','L2_P8','GC',1,'AGAAAU',GAGGG_CCCUAAC,GAGGG_CCCUAAC,64,1,
150,'Ph_sp.b.trnL-1/1-215               ','GGAGAAAUCCU','UACCCUAACGUA','GCCGAGGGUAAA','IC3','L2_P8','GC',1,'AGAAAU',GAGGG_CCCUAAC,GAGGG_CCCUAAC,64,1,
151,'Ph_sp.b.trnL-2/1-270               ','GGAGAAAUCCG','UACCCUAACGUC','GUCGAGGGUAAA','IC3','L2_P8','GC',1,'AGAAAU',GAGGG_CCCUAAC,GAGGG_CCCUAAC,64,1,
152,'Pag.b.trnL-1/1-258                 ','GCGAGAAAUCUC','UACCCUAACGUU','GCCGAGGGUAAA','IC3','L2_P8','GC',1,'AGAAAU',GAGGG_CCCUAAC,GAGGG_CCCUAAC,64,1,
153,'Pag.b.trnL-2/1-259                 ','GCGAGAAAUCUC','UACCCUAACGUU','GCCGAGGGUAAA','IC3','L2_P8','GC',1,'AGAAAU',GAGGG_CCCUAAC,GAGGG_CCCUAAC,64,1,
154,'Pmo.b.trnL/1-258                   ','GCGAGAAAUCUC','UACCCUAACGUU','GCCGAGGGUAAA','IC3','L2_P8','GC',1,'AGAAAU',GAGGG_CCCUAAC,GAGGG_CCCUAAC,64,1,
155,'Ppr.b.trnL/1-259                   ','GCGAGAAAUUCC','UACCCUAACGUU','GCCGAGGGUAAA','IC3','L2_P8','GC',1,'AGAAAU',GAGGG_CCCUAAC,GAGGG_CCCUAAC,64,1,
156,'Ps_sp.b.trnL/1-245                 ','AAAGAAAUUUG','UACCCUAACGUA','GACGAGGGUAAA','IC3','L2_P8','GC',1,'AGAAAU',GAGGG_CCCUAAC,GAGGG_CCCUAAC,64,1,
157,'Pmi.b.trnL/1-250                   ','AGAGAAAUCUG','UACCCUAACAGGUC','GCUGAGGGUAAA','IC3','L2_P8','UA',1,'AGAAAU',GAGGG_CCCUAAC,GAGGG_CCCUAAC,64,1,
158,'Pho.b.trnL/1-265                   ','GGAGAAAUCCG','UACCCUAACAGGCCGUCUGCC','GGCAGGCGAUCGCUGAGGGUAAA','IC3','L2_P8','UA',1,'AGAAAU',GAGGG_CCCUAAC,GAGGG_CCCUAAC,64,1,
159,'Psp.b.trnL/1-267                   ','GGAGAUAUCCG','UACCCUAACAGGCCGUCUGCC','GGCAGGCGAUCGCUGAGGGUAAA','IC3','L2_P8','UA',1,'GGAGAU',GAGGG_CCCUAAC,GAGGG_CCCUAAC,64,1,
160,Cfr.b.trnL/1-283                   ','GGAGAAAUCCU','UACCCUAACGU','AGUCGAGGGUAAA','IC3','L2_P8','GC',1,'AGAAAU',GAGGG_CCCUAAC,GAGGG_CCCUAAC,64,1,
165,'Osp.b.trnM/1-206                   ','AAGGAAACUGG','CACCCUAACAGUUA','GCUGAGGGUGAA','IC3','L2_P8','UA',1,'GGAAAC',GAGGG_CCCUAAC,GAGGG_CCCUAAC,64,1,
166,'Ssp.b.trnM/1-675                   ','AAGGAAACUUC','CACCCUAACAG','AAGCUGAGGGUGAA','IC3','L2_P8','UA',1,'GGAAAC',GAGGG_CCCUAAC,GAGGG_CCCUAAC,64,1,
167,'Dsp.b.trnM/1-226                   ','AAAGAAAUUUG','CAUCCUAACGU','AGCCGAGGAUGAA','IC3','L2_P8','GC',1,'AGAAAU',GAGGA_UCCUAAC,GAGGA_UCCUAAC,4,1,
168,Cvu.c.trnL/1-209                   ','AGGGAAACUUU','UAUCCUAACAAUGUACUUGAA','GUUUUGUACAGUUGAGGAUAAA','IC3','L2_P8','UA',1,'GGAAAC',GAGGA_UCCUAAC,GAGGA_UCCUAAC,4,1,
171,Mpo.c.trnL/1-247                   ','UUGAGAAAUUUA','UAUCCUAACGA','ACGAGGAUAAA','IC3','L2_P8','GC',1,'AGAAAU',GAGGA_UCCUAAC,GAGGA_UCCUAAC,4,1,
172,'Cpa.y.trnL-1/1-251                 ','UUAAGAAAUUAU','UAUCCUAACAUU','UAAUGAGGAUAAA','IC3','L2_P8','UA',1,'AGAAAU',GAGGA_UCCUAAC,GAGGA_UCCUAAC,4,1,
